{
    "alphabet": [
        "0",
        "1"
    ],
    "states": [
        {
            "accepting": false,
            "name": "A0",
            "starting": true
        },
        {
            "accepting": false,
            "name": "B0",
            "starting": false
        },
        {
            "accepting": false,
            "name": "C0",
            "starting": false
        },
        {
            "accepting": false,
            "name": "D0",
            "starting": false
        },
        {
            "accepting": false,
            "name": "E0",
            "starting": false
        },
        {
            "accepting": false,
            "name": "F0",
            "starting": false
        },
        {
            "accepting": true,
            "name": "G0",
            "starting": false
        },
        {
            "accepting": false,
            "name": "H0",
            "starting": false
        }
    ],
    "transitions": [
        {
            "from": "A0",
            "input": "0",
            "to": "B0"
        },
        {
            "from": "A0",
            "input": "1",
            "to": "C0"
        },
        {
            "from": "B0",
            "input": "0",
            "to": "E0"
        },
        {
            "from": "B0",
            "input": "1",
            "to": "H0"
        },
        {
            "from": "C0",
            "input": "0",
            "to": "D0"
        },
        {
            "from": "C0",
            "input": "1",
            "to": "H0"
        },
        {
            "from": "D0",
            "input": "0",
            "to": "H0"
        },
        {
            "from": "D0",
            "input": "1",
            "to": "F0"
        },
        {
            "from": "E0",
            "input": "0",
            "to": "H0"
        },
        {
            "from": "E0",
            "input": "1",
            "to": "F0"
        },
        {
            "from": "F0",
            "input": "0",
            "to": "G0"
        },
        {
            "from": "F0",
            "input": "1",
            "to": "H0"
        },
        {
            "from": "G0",
            "input": "0",
            "to": "H0"
        },
        {
            "from": "G0",
            "input": "1",
            "to": "H0"
        },
        {
            "from": "H0",
            "input": "0",
            "to": "H0"
        },
        {
            "from": "H0",
            "input": "1",
            "to": "H0"
        }
    ],
    "type": "DFA"
}
