<bestemmingen>
	<halte>Aalmoezenierstraat</halte>
    <halte>Aarschotstraat</halte>
    <halte>Aarschotsteeg</halte>
    <halte>Aarschotplaats</halte>
    <halte>Abdijstraat</halte>
    <halte>Abraham Verhoevenlaan</halte>
    <halte>St.Aldegondiskaai</halte>
    <halte>Augustijnenstraat</halte>
    <halte>Balansstraat</halte>
    <halte>Baeckelmansstraat</halte>
    <halte>Beddenstraat</halte>
	<halte>Beggaardengang</halte>
    <halte>Begijnhoeve</halte>
    <halte>Berendrechtstraat</halte>
    <halte>Bosmanslei</halte>
    <halte>Brandstraat</halte>
    <halte>Burgerwelzijn</halte>
    <halte>Canadalaan</halte>
    <halte>Cardiffstraat</halte>
    <halte>Coppenolstraat</halte>
    <halte>Damplein</halte>
    <halte>Demerstraat</halte>
	<halte>Dopersteeg</halte>
    <halte>Entrepotplaats</halte>
    <halte>Esmoreitlaan</halte>
    <halte>Gelijkheidstraat</halte>
    <halte>Gloriantlaan</halte>
	<halte>Grote Markt</halte>
    <halte>Hanzadok</halte>
    <halte>Haven</halte>
    <halte>Houtenbrug</halte>
    <halte>Jasmijnstraat</halte>
    <halte>Kalverstraat</halte>
    <halte>Kipdorp</halte>
    <halte>Kipdorpvest</halte>
    <halte>Koepoortbrug</halte>
    <halte>Kopalweg</halte>
    <halte>Leguit</halte>
</bestemmingen>